{"cameraMode":{"drawMode":0,"name":"Shaded","section":"Shading Mode"},"sceneLighting":true,"audioPlay":false,"sceneViewState":{"showFog":true,"showMaterialUpdate":false,"showSkybox":false,"showFlares":true,"showImageEffects":true,"showParticleSystems":true},"in2DMode":false,"pivot":{"x":-2.7177886962890627,"y":5.870545387268066,"z":9.733959197998047},"rotation":{"x":-0.06479586660861969,"y":0.8230863213539124,"z":-0.09391704201698303,"w":-0.5568748116493225},"size":30.55648422241211,"orthographic":false}