{"cameraMode":{"drawMode":0,"name":"Shaded","section":"Shading Mode"},"sceneLighting":false,"audioPlay":false,"sceneViewState":{"showFog":true,"showMaterialUpdate":true,"showSkybox":false,"showFlares":true,"showImageEffects":true,"showParticleSystems":true},"in2DMode":false,"pivot":{"x":-29.16949462890625,"y":-1.9139404296875,"z":-29.343517303466798},"rotation":{"x":0.024935944005846978,"y":0.9430089592933655,"z":-0.32372382283210757,"w":0.07601058483123779},"size":87.06405639648438,"orthographic":false}