{"cameraMode":{"drawMode":0,"name":"Shaded","section":"Shading Mode"},"sceneLighting":false,"audioPlay":false,"sceneViewState":{"showFog":true,"showMaterialUpdate":false,"showSkybox":false,"showFlares":true,"showImageEffects":true,"showParticleSystems":true},"in2DMode":false,"pivot":{"x":34.6199951171875,"y":7.380000114440918,"z":-64.30000305175781},"rotation":{"x":0.28641456365585329,"y":0.21398943662643434,"z":-0.06860311329364777,"w":0.9318305850028992},"size":8.07429027557373,"orthographic":false}