{"cameraMode":{"drawMode":0,"name":"Shaded","section":"Shading Mode"},"sceneLighting":false,"audioPlay":false,"sceneViewState":{"showFog":true,"showMaterialUpdate":false,"showSkybox":false,"showFlares":true,"showImageEffects":true,"showParticleSystems":true},"in2DMode":false,"pivot":{"x":22.115575790405275,"y":3.135833263397217,"z":-80.45506286621094},"rotation":{"x":0.06955759227275849,"y":0.7123693823814392,"z":-0.07488258183002472,"w":0.6949291825294495},"size":5.549848556518555,"orthographic":false}