{"cameraMode":{"drawMode":0,"name":"Shaded","section":"Shading Mode"},"sceneLighting":true,"audioPlay":false,"sceneViewState":{"showFog":true,"showMaterialUpdate":true,"showSkybox":false,"showFlares":true,"showImageEffects":true,"showParticleSystems":true},"in2DMode":false,"pivot":{"x":-8.718327522277832,"y":-0.28466957807540896,"z":0.6600251793861389},"rotation":{"x":-0.2117357850074768,"y":0.03202029690146446,"z":-0.00431682588532567,"w":-0.977111279964447},"size":0.33428019285202029,"orthographic":false}