{"cameraMode":{"drawMode":0,"name":"Shaded","section":"Shading Mode"},"sceneLighting":false,"audioPlay":false,"sceneViewState":{"showFog":true,"showMaterialUpdate":false,"showSkybox":false,"showFlares":true,"showImageEffects":true,"showParticleSystems":true},"in2DMode":false,"pivot":{"x":-1.1579780578613282,"y":0.010868515819311142,"z":-4.078547477722168},"rotation":{"x":0.0020724316127598287,"y":0.9536159634590149,"z":-0.30321362614631655,"w":0.016139371320605279},"size":2.335376262664795,"orthographic":false}