{"cameraMode":{"drawMode":0,"name":"Shaded","section":"Shading Mode"},"sceneLighting":false,"audioPlay":false,"sceneViewState":{"showFog":true,"showMaterialUpdate":true,"showSkybox":false,"showFlares":true,"showImageEffects":true,"showParticleSystems":true},"in2DMode":false,"pivot":{"x":0.4244251251220703,"y":-0.19233840703964234,"z":0.2904856204986572},"rotation":{"x":0.23387561738491059,"y":0.46596571803092959,"z":-0.13203847408294679,"w":0.8434352874755859},"size":1.2935967445373536,"orthographic":false}