{"cameraMode":{"drawMode":0,"name":"Shaded","section":"Shading Mode"},"sceneLighting":false,"audioPlay":false,"sceneViewState":{"showFog":true,"showMaterialUpdate":true,"showSkybox":false,"showFlares":true,"showImageEffects":true,"showParticleSystems":true},"in2DMode":false,"pivot":{"x":-7.076681137084961,"y":0.046976327896118167,"z":18.591331481933595},"rotation":{"x":0.07616632431745529,"y":-0.924284815788269,"z":0.28322234749794009,"w":0.24515274167060853},"size":19.417938232421876,"orthographic":false}