{"cameraMode":{"drawMode":0,"name":"Shaded","section":"Shading Mode"},"sceneLighting":false,"audioPlay":false,"sceneViewState":{"showFog":true,"showMaterialUpdate":true,"showSkybox":false,"showFlares":true,"showImageEffects":true,"showParticleSystems":true},"in2DMode":false,"pivot":{"x":-1.1111297607421876,"y":3.6847262382507326,"z":17.06438446044922},"rotation":{"x":-0.20367686450481416,"y":-0.7348630428314209,"z":0.2528339922428131,"w":-0.5957637429237366},"size":159.58270263671876,"orthographic":false}