{"cameraMode":{"drawMode":0,"name":"Shaded","section":"Shading Mode"},"sceneLighting":false,"audioPlay":false,"sceneViewState":{"showFog":true,"showMaterialUpdate":true,"showSkybox":false,"showFlares":true,"showImageEffects":true,"showParticleSystems":true},"in2DMode":false,"pivot":{"x":-26.215835571289064,"y":3.5169320106506349,"z":-75.19869995117188},"rotation":{"x":-0.23976744711399079,"y":0.4639945328235626,"z":-0.13027402758598329,"w":-0.8430216312408447},"size":1.3453691005706788,"orthographic":false}