{"cameraMode":{"drawMode":0,"name":"Shaded","section":"Shading Mode"},"sceneLighting":true,"audioPlay":false,"sceneViewState":{"showFog":true,"showMaterialUpdate":true,"showSkybox":false,"showFlares":true,"showImageEffects":true,"showParticleSystems":true},"in2DMode":false,"pivot":{"x":-3.3768277168273927,"y":-1.222651481628418,"z":4.162217140197754},"rotation":{"x":0.26523783802986147,"y":-0.36627671122550967,"z":0.10666730999946594,"w":0.8858948349952698},"size":12.884352684020996,"orthographic":false}