{"cameraMode":{"drawMode":0,"name":"Shaded","section":"Shading Mode"},"sceneLighting":false,"audioPlay":false,"sceneViewState":{"showFog":true,"showMaterialUpdate":false,"showSkybox":false,"showFlares":true,"showImageEffects":true,"showParticleSystems":true},"in2DMode":false,"pivot":{"x":46.683197021484378,"y":2.9309425354003908,"z":3.442911148071289},"rotation":{"x":0.0020724316127598287,"y":0.9536159634590149,"z":-0.30321362614631655,"w":0.016139371320605279},"size":21.00238609313965,"orthographic":false}