{"cameraMode":{"drawMode":0,"name":"Shaded","section":"Shading Mode"},"sceneLighting":false,"audioPlay":false,"sceneViewState":{"showFog":true,"showMaterialUpdate":false,"showSkybox":false,"showFlares":true,"showImageEffects":true,"showParticleSystems":true},"in2DMode":false,"pivot":{"x":-4.342313766479492,"y":1.7712758779525757,"z":-5.282290458679199},"rotation":{"x":0.0020724316127598287,"y":0.9536159634590149,"z":-0.30321362614631655,"w":0.016139371320605279},"size":8.07429027557373,"orthographic":false}