{"cameraMode":{"drawMode":0,"name":"Shaded","section":"Shading Mode"},"sceneLighting":false,"audioPlay":false,"sceneViewState":{"showFog":true,"showMaterialUpdate":false,"showSkybox":false,"showFlares":true,"showImageEffects":true,"showParticleSystems":true},"in2DMode":false,"pivot":{"x":-2.9046480655670168,"y":0.021896006539463998,"z":-4.140627384185791},"rotation":{"x":0.0020724316127598287,"y":0.9536159634590149,"z":-0.30321362614631655,"w":0.016139371320605279},"size":3.6924960613250734,"orthographic":false}