{"cameraMode":{"drawMode":0,"name":"Shaded","section":"Shading Mode"},"sceneLighting":false,"audioPlay":false,"sceneViewState":{"showFog":true,"showMaterialUpdate":true,"showSkybox":false,"showFlares":true,"showImageEffects":true,"showParticleSystems":true},"in2DMode":false,"pivot":{"x":6.076850414276123,"y":6.825109481811523,"z":20.22472381591797},"rotation":{"x":0.24298571050167085,"y":-0.4018959105014801,"z":0.11144273728132248,"w":0.8758531808853149},"size":6.239691734313965,"orthographic":false}