{"cameraMode":{"drawMode":0,"name":"Shaded","section":"Shading Mode"},"sceneLighting":false,"audioPlay":false,"sceneViewState":{"showFog":true,"showMaterialUpdate":true,"showSkybox":false,"showFlares":true,"showImageEffects":true,"showParticleSystems":true},"in2DMode":false,"pivot":{"x":-22.010000228881837,"y":-1.2509799003601075,"z":9.229999542236329},"rotation":{"x":0.1632063239812851,"y":-0.7864154577255249,"z":0.22804081439971925,"w":0.5512266159057617},"size":3.7770230770111086,"orthographic":false}