{"cameraMode":{"drawMode":0,"name":"Shaded","section":"Shading Mode"},"sceneLighting":false,"audioPlay":false,"sceneViewState":{"showFog":true,"showMaterialUpdate":false,"showSkybox":false,"showFlares":true,"showImageEffects":true,"showParticleSystems":true},"in2DMode":false,"pivot":{"x":-4.988763809204102,"y":1.799580693244934,"z":-3.3763427734375},"rotation":{"x":-0.19544079899787904,"y":0.6370879411697388,"z":-0.16706152260303498,"w":-0.7277370095252991},"size":5.26527214050293,"orthographic":false}