{"cameraMode":{"drawMode":0,"name":"Shaded","section":"Shading Mode"},"sceneLighting":false,"audioPlay":false,"sceneViewState":{"showFog":true,"showMaterialUpdate":true,"showSkybox":false,"showFlares":true,"showImageEffects":true,"showParticleSystems":true},"in2DMode":false,"pivot":{"x":-54.580169677734378,"y":3.1073145866394045,"z":36.13726806640625},"rotation":{"x":0.003937188070267439,"y":0.9908010363578796,"z":-0.040641311556100848,"w":0.13038232922554017},"size":14.886969566345215,"orthographic":false}