{"cameraMode":{"drawMode":0,"name":"Shaded","section":"Shading Mode"},"sceneLighting":false,"audioPlay":false,"sceneViewState":{"showFog":true,"showMaterialUpdate":true,"showSkybox":false,"showFlares":true,"showImageEffects":true,"showParticleSystems":true},"in2DMode":false,"pivot":{"x":-5.929654121398926,"y":-9.074504852294922,"z":18.043357849121095},"rotation":{"x":-0.19524888694286347,"y":0.7612978219985962,"z":-0.2646988332271576,"w":-0.5590952038764954},"size":19.87885093688965,"orthographic":false}