{"cameraMode":{"drawMode":0,"name":"Shaded","section":"Shading Mode"},"sceneLighting":false,"audioPlay":false,"sceneViewState":{"showFog":true,"showMaterialUpdate":true,"showSkybox":false,"showFlares":true,"showImageEffects":true,"showParticleSystems":true},"in2DMode":false,"pivot":{"x":29.840911865234376,"y":-0.4694690704345703,"z":-16.92676544189453},"rotation":{"x":-0.2545156180858612,"y":0.09694311022758484,"z":-0.02292952872812748,"w":-0.9622675776481628},"size":1.0134053230285645,"orthographic":false}