{"cameraMode":{"drawMode":0,"name":"Shaded","section":"Shading Mode"},"sceneLighting":false,"audioPlay":false,"sceneViewState":{"showFog":true,"showMaterialUpdate":true,"showSkybox":false,"showFlares":true,"showImageEffects":true,"showParticleSystems":true},"in2DMode":false,"pivot":{"x":26.8799991607666,"y":5.050000190734863,"z":1.1000022888183594},"rotation":{"x":-0.135005921125412,"y":0.8362856507301331,"z":-0.23576980829238892,"w":-0.4766092896461487},"size":229.17286682128907,"orthographic":false}