{"cameraMode":{"drawMode":0,"name":"Shaded","section":"Shading Mode"},"sceneLighting":false,"audioPlay":false,"sceneViewState":{"showFog":true,"showMaterialUpdate":true,"showSkybox":false,"showFlares":true,"showImageEffects":true,"showParticleSystems":true},"in2DMode":false,"pivot":{"x":-0.6287668943405151,"y":-1.163695216178894,"z":23.82404899597168},"rotation":{"x":0.23070135712623597,"y":0.5220822691917419,"z":-0.15153026580810548,"w":0.8083730936050415},"size":1.8714691400527955,"orthographic":false}