{"cameraMode":{"drawMode":0,"name":"Shaded","section":"Shading Mode"},"sceneLighting":true,"audioPlay":false,"sceneViewState":{"showFog":true,"showMaterialUpdate":true,"showSkybox":true,"showFlares":true,"showImageEffects":true,"showParticleSystems":true},"in2DMode":false,"pivot":{"x":-35.167720794677737,"y":-32.32087707519531,"z":-11.645637512207032},"rotation":{"x":0.1073770597577095,"y":-0.8870728015899658,"z":0.24651245772838593,"w":0.376514196395874},"size":85.61271667480469,"orthographic":false}