{"cameraMode":{"drawMode":0,"name":"Shaded","section":"Shading Mode"},"sceneLighting":false,"audioPlay":false,"sceneViewState":{"showFog":true,"showMaterialUpdate":true,"showSkybox":false,"showFlares":true,"showImageEffects":true,"showParticleSystems":true},"in2DMode":false,"pivot":{"x":420.70001220703127,"y":121.10000610351563,"z":6.5},"rotation":{"x":0.2263321429491043,"y":0.5762220621109009,"z":-0.17265069484710694,"w":0.7675655484199524},"size":726.2168579101563,"orthographic":false}